agent,behavioral_failing_case_count,behavioral_failing_case_occurrence_count,behavioral_failing_case_unique_count,failure_class,generated_baseline_status,generated_baseline_tests_discovered,generated_baseline_tests_errors,generated_baseline_tests_executed,generated_baseline_tests_failed,generated_baseline_tests_skipped,original_baseline_status,original_baseline_tests_discovered,original_baseline_tests_errors,original_baseline_tests_executed,original_baseline_tests_failed,original_baseline_tests_skipped,porting_status,porting_tests_discovered,porting_tests_errors,porting_tests_executed,porting_tests_failed,porting_tests_skipped,reason,repo_slug,retention_final_ported_test_file_count,retention_original_snapshot_file_count,retention_ratio,retention_removed_original_test_file_count,retention_retained_original_test_file_count,run_id,status,suite_added,suite_deleted,suite_modified,suite_total,variant,verdict,verdict_reason,write_scope_violation_count
codex,15,15,15,assertion-failure,pass,25,0,16,0,0,pass,14,0,0,0,0,fail,43,13,39,2,0,behavioral-difference-evidence,ulisesbocchio_jasypt-spring-boot,43,14,1.0,0,14,20260505T122153Z__ulisesbocchio_jasypt-spring-boot__2243cb80,failed,4,0,1,5,generated,difference_detected,assertion-mismatch-evidence,0
codex,9,9,9,assertion-failure,pass,15,0,26,0,0,pass,14,0,0,0,0,fail,43,7,74,2,1,behavioral-difference-evidence,ulisesbocchio_jasypt-spring-boot,43,14,1.0,0,14,20260505T122153Z__ulisesbocchio_jasypt-spring-boot__2243cb80,failed,14,0,0,14,v2,difference_detected,assertion-mismatch-evidence,0
codex,19,19,19,assertion-failure,pass,8,0,8,0,0,pass,14,0,0,0,0,fail,36,8,58,11,0,behavioral-difference-evidence,ulisesbocchio_jasypt-spring-boot,36,14,1.0,0,14,20260505T122153Z__ulisesbocchio_jasypt-spring-boot__2243cb80,failed,14,0,0,14,v3,difference_detected,assertion-mismatch-evidence,0
codex,4,4,4,assertion-failure,pass,15,0,28,0,0,fail-with-integration-skip,1,17,17,0,0,fail,1,0,17,4,0,behavioral-difference-evidence,mbechler_marshalsec,1,1,1.0,0,1,20260505T150455Z__mbechler_marshalsec__243c5aa8,failed,0,0,1,1,generated,difference_detected,assertion-mismatch-evidence,0
codex,17,17,17,assertion-failure,pass,13,0,20,0,0,fail-with-integration-skip,1,17,17,0,0,fail,1,0,17,17,0,behavioral-difference-evidence,mbechler_marshalsec,1,1,1.0,0,1,20260505T150455Z__mbechler_marshalsec__243c5aa8,failed,0,0,1,1,v2,difference_detected,assertion-mismatch-evidence,0
codex,3,3,3,assertion-failure,pass,12,0,14,0,0,fail-with-integration-skip,1,17,17,0,0,fail,1,0,17,3,0,behavioral-difference-evidence,mbechler_marshalsec,1,1,1.0,0,1,20260505T150455Z__mbechler_marshalsec__243c5aa8,failed,0,0,1,1,v3,difference_detected,assertion-mismatch-evidence,0
codex,25,25,25,assertion-failure,pass,7,0,17,0,0,fail-with-integration-skip,19,4,39,5,13,fail,19,3,39,22,6,behavioral-difference-evidence,frohoff_ysoserial,19,19,1.0,0,19,20260505T150537Z__frohoff_ysoserial__218bcffc,failed,0,0,10,10,generated,difference_detected,assertion-mismatch-evidence,0
codex,18,18,18,environment-assumption-failure,pass,13,0,24,0,0,fail-with-integration-skip,19,4,39,5,13,fail,19,5,39,13,13,tests-failed,frohoff_ysoserial,19,19,1.0,0,19,20260505T150537Z__frohoff_ysoserial__218bcffc,failed,0,0,10,10,v2,difference_detected,assertion-mismatch-evidence,0
codex,26,26,26,assertion-failure,pass,15,0,31,0,0,fail-with-integration-skip,19,4,39,5,13,fail,19,6,39,20,5,behavioral-difference-evidence,frohoff_ysoserial,19,19,1.0,0,19,20260505T150537Z__frohoff_ysoserial__218bcffc,failed,0,0,10,10,v3,difference_detected,assertion-mismatch-evidence,0
codex,0,0,0,,pass,26,0,17,0,0,pass,32,0,0,0,0,pass,58,0,17,0,0,,xtuhcy_gecco,58,32,1.0,0,32,20260505T150549Z__xtuhcy_gecco__e1f32e1c,passed,26,0,4,30,generated,no_difference_detected,retained-ported-tests-pass,0
codex,6,6,6,write-scope-violation,pass,18,0,22,0,0,pass,32,0,0,0,0,fail,0,0,0,0,0,write-scope-violation,xtuhcy_gecco,33,32,1.0,0,32,20260505T150549Z__xtuhcy_gecco__e1f32e1c,failed,1,0,9,10,v2,invalid,write-scope-violation,1
codex,1,1,1,assertion-failure,pass,15,0,15,0,0,pass,32,0,0,0,0,fail,34,0,5,1,0,behavioral-difference-evidence,xtuhcy_gecco,34,32,1.0,0,32,20260505T150549Z__xtuhcy_gecco__e1f32e1c,failed,2,0,15,17,v3,difference_detected,assertion-mismatch-evidence,0
codex,0,0,0,,pass,17,0,24,0,0,pass,16,0,0,0,0,pass,16,0,3,0,3,,happyfish100_fastdfs-client-java,16,16,1.0,0,16,20260506T082045Z__happyfish100_fastdfs-client-java__4e7b6b34,passed,0,0,1,1,generated,no_difference_detected,retained-ported-tests-pass,0
codex,6,6,6,assertion-failure,pass,16,0,19,0,0,pass,16,0,0,0,0,fail,18,0,21,6,0,behavioral-difference-evidence,happyfish100_fastdfs-client-java,18,16,1.0,0,16,20260506T082045Z__happyfish100_fastdfs-client-java__4e7b6b34,failed,2,0,13,15,v2,difference_detected,assertion-mismatch-evidence,0
codex,5,5,5,assertion-failure,pass,7,0,12,0,0,pass,16,0,0,0,0,fail,17,0,26,5,1,behavioral-difference-evidence,happyfish100_fastdfs-client-java,17,16,1.0,0,16,20260506T082045Z__happyfish100_fastdfs-client-java__4e7b6b34,failed,1,0,12,13,v3,difference_detected,assertion-mismatch-evidence,0
codex,0,0,0,,pass,4,0,15,0,0,pass,8,0,64,0,3,pass,15,0,64,0,3,,JakeWharton_RxRelay,15,8,1.0,0,8,20260506T082105Z__JakeWharton_RxRelay__9540ecc7,passed,7,0,0,7,generated,no_difference_detected,retained-ported-tests-pass,0
codex,4,4,4,assertion-failure,pass,7,0,21,0,0,pass,8,0,64,0,3,fail,8,0,64,4,3,behavioral-difference-evidence,JakeWharton_RxRelay,8,8,1.0,0,8,20260506T082105Z__JakeWharton_RxRelay__9540ecc7,failed,0,0,7,7,v2,difference_detected,assertion-mismatch-evidence,0
codex,0,0,0,assertion-failure,fail,9,0,0,0,0,pass,8,0,64,0,3,fail,10,0,64,5,3,behavioral-difference-evidence,JakeWharton_RxRelay,10,8,1.0,0,8,20260506T082105Z__JakeWharton_RxRelay__9540ecc7,failed,2,0,3,5,v3,difference_detected,assertion-mismatch-evidence,0
codex,0,0,0,,pass,23,0,17,0,0,fail,10,0,0,0,0,pass,21,0,10,0,0,,amitshekhariitbhu_Android-Debug-Database,21,10,1.0,0,10,20260506T082129Z__amitshekhariitbhu_Android-Debug-Database__bf149df6,passed,5,17,5,27,generated,inconclusive,baseline-not-comparable,0
codex,0,0,0,write-scope-violation,pass,20,0,22,0,0,fail,10,0,0,0,0,fail,0,0,0,0,0,write-scope-violation,amitshekhariitbhu_Android-Debug-Database,35,10,1.0,0,10,20260506T082129Z__amitshekhariitbhu_Android-Debug-Database__bf149df6,failed,5,0,6,11,v2,invalid,write-scope-violation,1
codex,0,0,0,,pass,10,0,13,0,0,fail,10,0,0,0,0,pass,25,0,18,0,5,,amitshekhariitbhu_Android-Debug-Database,25,10,1.0,0,10,20260506T082129Z__amitshekhariitbhu_Android-Debug-Database__bf149df6,passed,5,0,5,10,v3,inconclusive,baseline-not-comparable,0
codex,0,0,0,,pass,15,0,15,0,0,fail,4,0,0,0,0,pass,24,0,19,0,2,,amitshekhariitbhu_PRDownloader,24,4,1.0,0,4,20260506T082136Z__amitshekhariitbhu_PRDownloader__611b12c8,passed,5,0,0,5,generated,inconclusive,baseline-not-comparable,0
codex,1,1,1,assertion-failure,pass,16,0,15,0,0,fail,4,0,0,0,0,fail,8,0,4,1,0,behavioral-difference-evidence,amitshekhariitbhu_PRDownloader,8,4,1.0,0,4,20260506T082136Z__amitshekhariitbhu_PRDownloader__611b12c8,failed,2,14,2,18,v2,difference_detected,assertion-mismatch-evidence,0
codex,0,0,0,,pass,19,0,26,0,0,fail,4,0,0,0,0,pass,25,0,28,0,0,,amitshekhariitbhu_PRDownloader,25,4,1.0,0,4,20260506T082136Z__amitshekhariitbhu_PRDownloader__611b12c8,passed,2,0,0,2,v3,inconclusive,baseline-not-comparable,0
codex,3,3,3,assertion-failure,pass,12,0,32,0,0,fail,5,0,0,0,0,fail,21,0,45,3,0,behavioral-difference-evidence,esoxjem_MovieGuide,21,5,1.0,0,5,20260506T083333Z__esoxjem_MovieGuide__dc1f20fb,failed,4,0,1,5,generated,difference_detected,assertion-mismatch-evidence,0
codex,3,3,3,assertion-failure,pass,9,0,9,0,0,fail,5,0,0,0,0,fail,18,0,27,3,0,behavioral-difference-evidence,esoxjem_MovieGuide,18,5,1.0,0,5,20260506T083333Z__esoxjem_MovieGuide__dc1f20fb,failed,4,0,0,4,v2,difference_detected,assertion-mismatch-evidence,0
codex,3,3,3,assertion-failure,pass,10,0,22,0,0,fail,5,0,0,0,0,fail,14,0,40,3,0,behavioral-difference-evidence,esoxjem_MovieGuide,14,5,0.0,5,0,20260506T083333Z__esoxjem_MovieGuide__dc1f20fb,failed,4,5,0,9,v3,difference_detected,assertion-mismatch-evidence,0
codex,0,0,0,,skipped,0,0,0,0,0,pass,0,0,0,0,0,skipped,0,0,0,0,0,no-test-files-found,19MisterX98_SeedcrackerX,15,0,,0,0,20260507T093402Z__19MisterX98_SeedcrackerX__8e18d20d,skipped,0,0,0,0,generated,skipped,no-test-files-found,0
codex,0,0,0,,skipped,0,0,0,0,0,pass,0,0,0,0,0,skipped,0,0,0,0,0,no-test-files-found,19MisterX98_SeedcrackerX,11,0,,0,0,20260507T093402Z__19MisterX98_SeedcrackerX__8e18d20d,skipped,0,0,0,0,v2,skipped,no-test-files-found,0
codex,0,0,0,,skipped,0,0,0,0,0,pass,0,0,0,0,0,skipped,0,0,0,0,0,no-test-files-found,19MisterX98_SeedcrackerX,7,0,,0,0,20260507T093402Z__19MisterX98_SeedcrackerX__8e18d20d,skipped,0,0,0,0,v3,skipped,no-test-files-found,0
codex,0,0,0,,skipped,0,0,0,0,0,fail,0,0,0,0,0,skipped,0,0,0,0,0,no-test-files-found,airbnb_native-navigation,7,0,,0,0,20260507T093422Z__airbnb_native-navigation__9cf50bf9,skipped,0,0,0,0,generated,skipped,no-test-files-found,0
codex,0,0,0,,skipped,0,0,0,0,0,fail,0,0,0,0,0,skipped,0,0,0,0,0,no-test-files-found,airbnb_native-navigation,5,0,,0,0,20260507T093422Z__airbnb_native-navigation__9cf50bf9,skipped,0,0,0,0,v2,skipped,no-test-files-found,0
codex,0,0,0,,skipped,0,0,0,0,0,fail,0,0,0,0,0,skipped,0,0,0,0,0,no-test-files-found,airbnb_native-navigation,13,0,,0,0,20260507T093422Z__airbnb_native-navigation__9cf50bf9,skipped,0,0,0,0,v3,skipped,no-test-files-found,0
codex,39,39,39,assertion-failure,pass,14,0,22,0,0,pass,50,0,0,0,0,fail,98,6,122,33,0,behavioral-difference-evidence,awaitility_awaitility,98,50,1.0,0,50,20260507T093651Z__awaitility_awaitility__4fc23ccb,failed,34,0,0,34,generated,difference_detected,assertion-mismatch-evidence,0
codex,106,106,106,assertion-failure,pass,15,0,24,0,0,pass,50,0,0,0,0,fail,113,8,250,98,0,behavioral-difference-evidence,awaitility_awaitility,113,50,1.0,0,50,20260507T093651Z__awaitility_awaitility__4fc23ccb,failed,48,0,0,48,v2,difference_detected,assertion-mismatch-evidence,0
codex,68,68,68,assertion-failure,pass,4,0,8,0,0,pass,50,0,0,0,0,fail,96,10,156,58,0,behavioral-difference-evidence,awaitility_awaitility,96,50,1.0,0,50,20260507T093651Z__awaitility_awaitility__4fc23ccb,failed,42,0,0,42,v3,difference_detected,assertion-mismatch-evidence,0
codex,0,0,0,,pass,15,0,27,0,0,fail,4,0,0,0,0,pass,23,0,29,0,0,,DantSu_ESCPOS-ThermalPrinter-Android,23,4,1.0,0,4,20260507T093656Z__DantSu_ESCPOS-ThermalPrinter-Android__f61030e4,passed,4,0,2,6,generated,inconclusive,baseline-not-comparable,0
codex,0,0,0,,pass,17,0,23,0,0,fail,4,0,0,0,0,pass,24,0,25,0,0,,DantSu_ESCPOS-ThermalPrinter-Android,24,4,1.0,0,4,20260507T093656Z__DantSu_ESCPOS-ThermalPrinter-Android__f61030e4,passed,3,0,2,5,v2,inconclusive,baseline-not-comparable,0
codex,0,0,0,,pass,17,0,18,0,0,fail,4,0,0,0,0,pass,8,0,4,0,0,,DantSu_ESCPOS-ThermalPrinter-Android,8,4,1.0,0,4,20260507T093656Z__DantSu_ESCPOS-ThermalPrinter-Android__f61030e4,passed,2,15,2,19,v3,inconclusive,baseline-not-comparable,0
codex,8,8,8,assertion-failure,pass,17,0,25,0,0,fail,11,0,0,0,0,fail,22,0,35,8,0,behavioral-difference-evidence,elvishew_xLog,22,11,1.0,0,11,20260507T093701Z__elvishew_xLog__3faa6b27,failed,11,17,0,28,generated,difference_detected,assertion-mismatch-evidence,0
codex,6,6,6,assertion-failure,pass,12,0,15,0,0,fail,11,0,0,0,0,fail,34,4,50,2,0,behavioral-difference-evidence,elvishew_xLog,34,11,1.0,0,11,20260507T093701Z__elvishew_xLog__3faa6b27,failed,11,0,0,11,v2,difference_detected,assertion-mismatch-evidence,0
codex,10,10,10,assertion-failure,pass,15,0,19,0,0,fail,11,0,0,0,0,fail,22,0,35,10,0,behavioral-difference-evidence,elvishew_xLog,22,11,1.0,0,11,20260507T093701Z__elvishew_xLog__3faa6b27,failed,11,15,0,26,v3,difference_detected,assertion-mismatch-evidence,0
codex,5,5,5,assertion-failure,pass,8,0,10,0,0,pass,8,0,16,0,0,fail,24,1,26,4,3,behavioral-difference-evidence,EsotericSoftware_reflectasm,24,8,1.0,0,8,20260507T093708Z__EsotericSoftware_reflectasm__e34c5e8b,failed,8,0,0,8,generated,difference_detected,assertion-mismatch-evidence,0
codex,6,6,6,assertion-failure,pass,10,0,26,0,0,pass,8,0,16,0,0,fail,22,3,42,3,0,behavioral-difference-evidence,EsotericSoftware_reflectasm,22,8,1.0,0,8,20260507T093708Z__EsotericSoftware_reflectasm__e34c5e8b,failed,4,0,0,4,v2,difference_detected,assertion-mismatch-evidence,0
codex,3,3,3,assertion-failure,pass,9,0,19,0,0,pass,8,0,16,0,0,fail,25,1,35,2,0,behavioral-difference-evidence,EsotericSoftware_reflectasm,25,8,1.0,0,8,20260507T093708Z__EsotericSoftware_reflectasm__e34c5e8b,failed,8,0,0,8,v3,difference_detected,assertion-mismatch-evidence,0
codex,2,2,2,assertion-failure,pass,11,0,20,0,0,fail,33,0,0,0,0,fail,57,0,65,2,0,behavioral-difference-evidence,evant_binding-collection-adapter,57,33,1.0,0,33,20260507T093714Z__evant_binding-collection-adapter__ac7972e1,failed,13,0,0,13,generated,difference_detected,assertion-mismatch-evidence,0
codex,0,0,0,write-scope-violation,fail,19,0,0,0,0,fail,33,0,0,0,0,fail,0,0,0,0,0,write-scope-violation,evant_binding-collection-adapter,59,33,1.0,0,33,20260507T093714Z__evant_binding-collection-adapter__ac7972e1,failed,7,0,1,8,v2,invalid,write-scope-violation,1
codex,2,2,2,assertion-failure,pass,10,0,24,0,0,fail,33,0,0,0,0,fail,56,0,69,2,0,behavioral-difference-evidence,evant_binding-collection-adapter,56,33,1.0,0,33,20260507T093714Z__evant_binding-collection-adapter__ac7972e1,failed,13,0,0,13,v3,difference_detected,assertion-mismatch-evidence,0
codex,0,0,0,write-scope-violation,pass,15,0,18,0,0,pass,23,0,68,0,0,fail,24,0,0,0,0,write-scope-violation,gothinkster_spring-boot-realworld-example-app,25,23,1.0,0,23,20260507T093719Z__gothinkster_spring-boot-realworld-example-app__ee17e31a,failed,2,0,11,13,generated,invalid,write-scope-violation,1
codex,24,24,24,assertion-failure,pass,12,0,4,0,0,pass,23,0,68,0,0,fail,25,0,68,24,0,behavioral-difference-evidence,gothinkster_spring-boot-realworld-example-app,25,23,1.0,0,23,20260507T093719Z__gothinkster_spring-boot-realworld-example-app__ee17e31a,failed,2,0,13,15,v2,difference_detected,assertion-mismatch-evidence,0
codex,4,4,4,assertion-failure,pass,11,0,11,0,0,pass,23,0,68,0,0,fail,23,0,68,4,0,behavioral-difference-evidence,gothinkster_spring-boot-realworld-example-app,23,23,1.0,0,23,20260507T093719Z__gothinkster_spring-boot-realworld-example-app__ee17e31a,failed,0,0,18,18,v3,difference_detected,assertion-mismatch-evidence,0
codex,0,0,0,runner-timeout,skipped,0,0,0,0,0,skipped,0,0,0,0,0,skipped,0,0,0,0,0,runner-timeout,Grt1228_chatgpt-java,0,0,,0,0,20260507T093724Z__Grt1228_chatgpt-java__ae761b89,failed,0,0,0,0,generated,inconclusive,runner-timeout,0
codex,0,0,0,runner-timeout,skipped,0,0,0,0,0,skipped,0,0,0,0,0,skipped,0,0,0,0,0,runner-timeout,Grt1228_chatgpt-java,0,0,,0,0,20260507T093724Z__Grt1228_chatgpt-java__ae761b89,failed,0,0,0,0,v2,inconclusive,runner-timeout,0
codex,0,0,0,runner-timeout,skipped,0,0,0,0,0,skipped,0,0,0,0,0,skipped,0,0,0,0,0,runner-timeout,Grt1228_chatgpt-java,0,0,,0,0,20260507T093724Z__Grt1228_chatgpt-java__ae761b89,failed,0,0,0,0,v3,inconclusive,runner-timeout,0
codex,85,85,85,assertion-failure,pass,14,0,22,0,0,pass,112,0,0,0,0,fail,246,35,242,50,0,behavioral-difference-evidence,j-easy_easy-rules,246,112,1.0,0,112,20260507T093731Z__j-easy_easy-rules__d4450831,failed,120,0,0,120,generated,difference_detected,assertion-mismatch-evidence,0
codex,85,85,85,assertion-failure,pass,12,0,28,0,0,pass,112,0,0,0,0,fail,251,30,248,55,0,behavioral-difference-evidence,j-easy_easy-rules,251,112,1.0,0,112,20260507T093731Z__j-easy_easy-rules__d4450831,failed,127,0,0,127,v2,difference_detected,assertion-mismatch-evidence,0
codex,70,70,70,assertion-failure,pass,12,0,22,0,0,pass,112,0,0,0,0,fail,250,29,208,41,0,behavioral-difference-evidence,j-easy_easy-rules,250,112,1.0,0,112,20260507T093731Z__j-easy_easy-rules__d4450831,failed,126,0,0,126,v3,difference_detected,assertion-mismatch-evidence,0
codex,15,15,15,write-scope-violation,pass,9,0,22,0,0,fail-with-integration-skip,19,15,52,0,3,fail,29,6,52,9,5,write-scope-violation,jOOQ_jOOR,31,19,1.0,0,19,20260508T095107Z__jOOQ_jOOR__23e17cf3,failed,12,0,4,16,generated,invalid,write-scope-violation,1
codex,10,10,10,compilation-failure,pass,8,0,15,0,0,fail-with-integration-skip,19,15,52,0,3,fail,20,0,52,10,3,tests-failed,jOOQ_jOOR,20,19,1.0,0,19,20260508T095107Z__jOOQ_jOOR__23e17cf3,failed,1,0,3,4,v2,difference_detected,assertion-mismatch-evidence,0
codex,15,15,15,assertion-failure,pass,10,0,13,0,0,fail-with-integration-skip,19,15,52,0,3,fail,22,4,56,11,3,behavioral-difference-evidence,jOOQ_jOOR,22,19,1.0,0,19,20260508T095107Z__jOOQ_jOOR__23e17cf3,failed,3,0,3,6,v3,difference_detected,assertion-mismatch-evidence,0
codex,25,25,25,assertion-failure,pass,22,0,25,0,0,pass,55,0,43,0,0,fail,56,13,45,12,0,behavioral-difference-evidence,LianjiaTech_retrofit-spring-boot-starter,56,55,1.0,0,55,20260508T095113Z__LianjiaTech_retrofit-spring-boot-starter__24cb9eda,failed,1,0,43,44,generated,difference_detected,assertion-mismatch-evidence,0
codex,16,16,16,assertion-failure,pass,25,0,23,0,0,pass,55,0,43,0,0,fail,56,10,41,6,0,behavioral-difference-evidence,LianjiaTech_retrofit-spring-boot-starter,56,55,1.0,0,55,20260508T095113Z__LianjiaTech_retrofit-spring-boot-starter__24cb9eda,failed,1,0,32,33,v2,difference_detected,assertion-mismatch-evidence,0
codex,20,20,20,assertion-failure,pass,14,0,13,0,0,pass,55,0,43,0,0,fail,55,13,43,7,0,behavioral-difference-evidence,LianjiaTech_retrofit-spring-boot-starter,55,55,1.0,0,55,20260508T095113Z__LianjiaTech_retrofit-spring-boot-starter__24cb9eda,failed,0,0,33,33,v3,difference_detected,assertion-mismatch-evidence,0
codex,6,6,6,environment-assumption-failure,pass,12,0,19,0,0,fail,7,0,0,0,0,fail,7,0,15,6,0,tests-failed,linkedin_kafka-monitor,7,7,1.0,0,7,20260508T095119Z__linkedin_kafka-monitor__043db641,failed,0,0,7,7,generated,difference_detected,assertion-mismatch-evidence,0
codex,0,0,0,,pass,6,0,13,0,0,fail,7,0,0,0,0,pass,7,0,14,0,0,,linkedin_kafka-monitor,7,7,1.0,0,7,20260508T095119Z__linkedin_kafka-monitor__043db641,passed,0,0,7,7,v2,inconclusive,baseline-not-comparable,0
codex,8,8,8,assertion-failure,pass,11,0,14,0,0,fail,7,0,0,0,0,fail,8,0,19,8,0,behavioral-difference-evidence,linkedin_kafka-monitor,8,7,1.0,0,7,20260508T095119Z__linkedin_kafka-monitor__043db641,failed,1,0,7,8,v3,difference_detected,assertion-mismatch-evidence,0
codex,0,0,0,unknown,pass,14,0,19,0,0,pass,1,0,0,0,0,fail,20,0,0,0,0,tests-failed,macrozheng_mall-tiny,20,1,1.0,0,1,20260508T095125Z__macrozheng_mall-tiny__a81ec474,failed,19,0,0,19,generated,inconclusive,unknown,0
codex,0,0,0,write-scope-violation,pass,14,0,17,0,0,pass,1,0,0,0,0,fail,1,0,0,0,0,write-scope-violation,macrozheng_mall-tiny,17,1,1.0,0,1,20260508T095125Z__macrozheng_mall-tiny__a81ec474,failed,16,0,1,17,v2,invalid,write-scope-violation,1
codex,0,0,0,,pass,12,0,21,0,0,pass,1,0,0,0,0,pass,14,0,40,0,0,,macrozheng_mall-tiny,14,1,1.0,0,1,20260508T095125Z__macrozheng_mall-tiny__a81ec474,passed,13,0,0,13,v3,no_difference_detected,retained-ported-tests-pass,0
codex,0,0,0,,skipped,0,0,0,0,0,fail,0,0,0,0,0,skipped,0,0,0,0,0,no-test-files-found,Meituan-Dianping_walle,15,0,,0,0,20260508T095131Z__Meituan-Dianping_walle__f78edcf1,skipped,0,0,0,0,generated,skipped,no-test-files-found,0
codex,0,0,0,,skipped,0,0,0,0,0,fail,0,0,0,0,0,skipped,0,0,0,0,0,no-test-files-found,Meituan-Dianping_walle,14,0,,0,0,20260508T095131Z__Meituan-Dianping_walle__f78edcf1,skipped,0,0,0,0,v2,skipped,no-test-files-found,0
codex,0,0,0,,skipped,0,0,0,0,0,fail,0,0,0,0,0,skipped,0,0,0,0,0,no-test-files-found,Meituan-Dianping_walle,8,0,,0,0,20260508T095131Z__Meituan-Dianping_walle__f78edcf1,skipped,0,0,0,0,v3,skipped,no-test-files-found,0
codex,0,0,0,,pass,13,0,34,0,0,fail,74,0,0,0,0,pass,53,0,233,0,0,,Mojang_brigadier,53,74,1.0,0,74,20260508T095136Z__Mojang_brigadier__b5419b18,passed,26,0,2,28,generated,inconclusive,baseline-not-comparable,0
codex,0,0,0,write-scope-violation,pass,21,0,25,0,0,fail,74,0,0,0,0,fail,0,0,0,0,0,write-scope-violation,Mojang_brigadier,53,74,1.0,0,74,20260508T095136Z__Mojang_brigadier__b5419b18,failed,26,0,1,27,v2,invalid,write-scope-violation,1
codex,0,0,0,,pass,5,0,18,0,0,fail,74,0,0,0,0,pass,53,0,233,0,0,,Mojang_brigadier,53,74,1.0,0,74,20260508T095136Z__Mojang_brigadier__b5419b18,passed,26,0,15,41,v3,inconclusive,baseline-not-comparable,0
codex,0,0,0,,pass,13,0,22,0,0,pass,13,0,0,0,0,pass,13,0,0,0,0,no-test-signal,monkeyWie_proxyee,13,13,1.0,0,13,20260508T095142Z__monkeyWie_proxyee__c2c5bb4c,skipped,0,0,7,7,generated,no_test_signal,no-test-signal,0
codex,0,0,0,,pass,20,0,26,0,0,pass,13,0,0,0,0,pass,14,0,0,0,0,no-test-signal,monkeyWie_proxyee,14,13,1.0,0,13,20260508T095142Z__monkeyWie_proxyee__c2c5bb4c,skipped,1,0,9,10,v2,no_test_signal,no-test-signal,0
codex,9,9,9,assertion-failure,pass,17,0,18,0,0,pass,13,0,0,0,0,fail,14,0,16,9,0,behavioral-difference-evidence,monkeyWie_proxyee,14,13,1.0,0,13,20260508T095142Z__monkeyWie_proxyee__c2c5bb4c,failed,1,0,13,14,v3,difference_detected,assertion-mismatch-evidence,0
codex,45,45,45,assertion-failure,pass,18,0,17,0,0,fail-with-integration-skip,11,30,114,0,0,fail,38,0,70,45,0,behavioral-difference-evidence,mouzt_mzt-biz-log,38,11,1.0,0,11,20260508T095147Z__mouzt_mzt-biz-log__8d3a0271,failed,9,0,0,9,generated,difference_detected,assertion-mismatch-evidence,0
codex,44,44,44,assertion-failure,pass,18,0,23,0,0,fail-with-integration-skip,11,30,114,0,0,fail,22,7,57,37,0,behavioral-difference-evidence,mouzt_mzt-biz-log,22,11,1.0,0,11,20260508T095147Z__mouzt_mzt-biz-log__8d3a0271,failed,11,18,0,29,v2,difference_detected,assertion-mismatch-evidence,0
codex,36,36,36,assertion-failure,pass,17,0,20,0,0,fail-with-integration-skip,11,30,114,0,0,fail,34,0,68,36,0,behavioral-difference-evidence,mouzt_mzt-biz-log,34,11,1.0,0,11,20260508T095147Z__mouzt_mzt-biz-log__8d3a0271,failed,6,0,0,6,v3,difference_detected,assertion-mismatch-evidence,0
codex,36,36,36,assertion-failure,pass,17,0,31,0,0,fail,34,0,0,0,0,fail,67,0,100,36,3,behavioral-difference-evidence,Netflix_concurrency-limits,67,34,1.0,0,34,20260508T095153Z__Netflix_concurrency-limits__e8df64d8,failed,33,17,0,50,generated,difference_detected,assertion-mismatch-evidence,0
codex,34,34,34,assertion-failure,pass,14,0,28,0,0,fail,34,0,0,0,0,fail,72,1,119,33,0,behavioral-difference-evidence,Netflix_concurrency-limits,72,34,1.0,0,34,20260508T095153Z__Netflix_concurrency-limits__e8df64d8,failed,24,0,0,24,v2,difference_detected,assertion-mismatch-evidence,0
codex,48,48,48,assertion-failure,pass,12,0,26,0,0,fail,34,0,0,0,0,fail,73,0,125,48,2,behavioral-difference-evidence,Netflix_concurrency-limits,73,34,1.0,0,34,20260508T095153Z__Netflix_concurrency-limits__e8df64d8,failed,27,0,0,27,v3,difference_detected,assertion-mismatch-evidence,0
codex,13,13,13,write-scope-violation,pass,14,0,34,0,0,fail,13,0,0,0,0,fail,0,0,0,0,0,write-scope-violation,pwittchen_ReactiveNetwork,25,13,1.0,0,13,20260508T095158Z__pwittchen_ReactiveNetwork__ddfde340,failed,13,14,1,28,generated,invalid,write-scope-violation,1
codex,17,17,17,assertion-failure,pass,14,0,27,0,0,fail,13,0,0,0,0,fail,25,0,103,17,0,behavioral-difference-evidence,pwittchen_ReactiveNetwork,25,13,1.0,0,13,20260508T095158Z__pwittchen_ReactiveNetwork__ddfde340,failed,9,10,4,23,v2,difference_detected,assertion-mismatch-evidence,0
codex,30,30,30,assertion-failure,pass,14,0,32,0,0,fail,13,0,0,0,0,fail,25,0,103,30,0,behavioral-difference-evidence,pwittchen_ReactiveNetwork,25,13,1.0,0,13,20260508T095158Z__pwittchen_ReactiveNetwork__ddfde340,failed,11,12,2,25,v3,difference_detected,assertion-mismatch-evidence,0
codex,0,0,0,,skipped,0,0,0,0,0,fail,0,0,0,0,0,skipped,0,0,0,0,0,no-test-files-found,RikkaApps_Shizuku-API,14,0,,0,0,20260508T095204Z__RikkaApps_Shizuku-API__a27f6e41,skipped,0,0,0,0,generated,skipped,no-test-files-found,0
codex,0,0,0,,skipped,0,0,0,0,0,fail,0,0,0,0,0,skipped,0,0,0,0,0,no-test-files-found,RikkaApps_Shizuku-API,20,0,,0,0,20260508T095204Z__RikkaApps_Shizuku-API__a27f6e41,skipped,0,0,0,0,v2,skipped,no-test-files-found,0
codex,0,0,0,,skipped,0,0,0,0,0,fail,0,0,0,0,0,skipped,0,0,0,0,0,no-test-files-found,RikkaApps_Shizuku-API,14,0,,0,0,20260508T095204Z__RikkaApps_Shizuku-API__a27f6e41,skipped,0,0,0,0,v3,skipped,no-test-files-found,0
codex,5,5,5,assertion-failure,pass,21,0,21,0,0,fail,50,0,56,47,0,fail,122,0,85,5,34,behavioral-difference-evidence,TheoKanning_openai-java,122,50,1.0,0,50,20260508T095210Z__TheoKanning_openai-java__26909660,failed,51,0,0,51,generated,difference_detected,assertion-mismatch-evidence,0
codex,15,15,15,assertion-failure,pass,12,0,17,0,0,fail,50,0,56,47,0,fail,115,8,106,7,57,behavioral-difference-evidence,TheoKanning_openai-java,115,50,1.0,0,50,20260508T095210Z__TheoKanning_openai-java__26909660,failed,53,0,0,53,v2,difference_detected,assertion-mismatch-evidence,0
codex,30,30,30,assertion-failure,pass,19,0,19,0,0,fail,50,0,56,47,0,fail,120,0,92,30,27,behavioral-difference-evidence,TheoKanning_openai-java,120,50,1.0,0,50,20260508T095210Z__TheoKanning_openai-java__26909660,failed,51,0,0,51,v3,difference_detected,assertion-mismatch-evidence,0
codex,0,0,0,,skipped,0,0,0,0,0,fail-with-integration-skip,0,0,0,0,0,skipped,0,0,0,0,0,no-test-files-found,whwlsfb_JDumpSpider,19,0,,0,0,20260508T095214Z__whwlsfb_JDumpSpider__24fe3186,skipped,0,0,0,0,generated,skipped,no-test-files-found,0
codex,0,0,0,,skipped,0,0,0,0,0,fail-with-integration-skip,0,0,0,0,0,skipped,0,0,0,0,0,no-test-files-found,whwlsfb_JDumpSpider,8,0,,0,0,20260508T095214Z__whwlsfb_JDumpSpider__24fe3186,skipped,0,0,0,0,v2,skipped,no-test-files-found,0
codex,0,0,0,,skipped,0,0,0,0,0,fail-with-integration-skip,0,0,0,0,0,skipped,0,0,0,0,0,no-test-files-found,whwlsfb_JDumpSpider,13,0,,0,0,20260508T095214Z__whwlsfb_JDumpSpider__24fe3186,skipped,0,0,0,0,v3,skipped,no-test-files-found,0
codex,0,0,0,,skipped,0,0,0,0,0,pass,0,0,0,0,0,skipped,0,0,0,0,0,no-test-files-found,YeautyYE_netty-websocket-spring-boot-starter,13,0,,0,0,20260508T095219Z__YeautyYE_netty-websocket-spring-boot-starter__eb4d0a6b,skipped,0,0,0,0,generated,skipped,no-test-files-found,0
codex,0,0,0,,skipped,0,0,0,0,0,pass,0,0,0,0,0,skipped,0,0,0,0,0,no-test-files-found,YeautyYE_netty-websocket-spring-boot-starter,15,0,,0,0,20260508T095219Z__YeautyYE_netty-websocket-spring-boot-starter__eb4d0a6b,skipped,0,0,0,0,v2,skipped,no-test-files-found,0
codex,0,0,0,,skipped,0,0,0,0,0,pass,0,0,0,0,0,skipped,0,0,0,0,0,no-test-files-found,YeautyYE_netty-websocket-spring-boot-starter,16,0,,0,0,20260508T095219Z__YeautyYE_netty-websocket-spring-boot-starter__eb4d0a6b,skipped,0,0,0,0,v3,skipped,no-test-files-found,0
codex,0,0,0,,skipped,0,0,0,0,0,pass,0,0,0,0,0,skipped,0,0,0,0,0,no-test-files-found,JMCuixy_swagger2word,14,0,,0,0,20260508T095225Z__JMCuixy_swagger2word__0da57120,skipped,0,0,0,0,generated,skipped,no-test-files-found,0
codex,0,0,0,,skipped,0,0,0,0,0,pass,0,0,0,0,0,skipped,0,0,0,0,0,no-test-files-found,JMCuixy_swagger2word,10,0,,0,0,20260508T095225Z__JMCuixy_swagger2word__0da57120,skipped,0,0,0,0,v2,skipped,no-test-files-found,0
codex,0,0,0,,skipped,0,0,0,0,0,pass,0,0,0,0,0,skipped,0,0,0,0,0,no-test-files-found,JMCuixy_swagger2word,10,0,,0,0,20260508T095225Z__JMCuixy_swagger2word__0da57120,skipped,0,0,0,0,v3,skipped,no-test-files-found,0
codex,0,0,0,environment-assumption-failure,pass,16,0,12,0,0,fail,7,0,3,2,1,fail,36,0,0,0,0,tests-failed,eugene-khyst_postgresql-event-sourcing,36,7,1.0,0,7,20260508T095230Z__eugene-khyst_postgresql-event-sourcing__90faafbb,failed,13,0,0,13,generated,inconclusive,environment-assumption-failure,0
codex,0,0,0,environment-assumption-failure,pass,17,0,19,0,0,fail,7,0,3,2,1,fail,31,0,0,0,0,tests-failed,eugene-khyst_postgresql-event-sourcing,31,7,1.0,0,7,20260508T095230Z__eugene-khyst_postgresql-event-sourcing__90faafbb,failed,7,0,0,7,v2,inconclusive,environment-assumption-failure,0
codex,5,5,5,environment-assumption-failure,pass,16,0,15,0,0,fail,7,0,3,2,1,fail,15,1,6,4,1,tests-failed,eugene-khyst_postgresql-event-sourcing,15,7,1.0,0,7,20260508T095230Z__eugene-khyst_postgresql-event-sourcing__90faafbb,failed,8,16,0,24,v3,difference_detected,assertion-mismatch-evidence,0
codex,0,0,0,,skipped,0,0,0,0,0,skipped,0,0,0,0,0,skipped,0,0,0,0,0,no-test-files-found,facebook_SoLoader,5,0,,0,0,20260508T095237Z__facebook_SoLoader__d3d721fb,skipped,0,0,0,0,generated,skipped,no-test-files-found,0
codex,0,0,0,,skipped,0,0,0,0,0,skipped,0,0,0,0,0,skipped,0,0,0,0,0,no-test-files-found,facebook_SoLoader,13,0,,0,0,20260508T095237Z__facebook_SoLoader__d3d721fb,skipped,0,0,0,0,v2,skipped,no-test-files-found,0
codex,0,0,0,,skipped,0,0,0,0,0,skipped,0,0,0,0,0,skipped,0,0,0,0,0,no-test-files-found,facebook_SoLoader,14,0,,0,0,20260508T095237Z__facebook_SoLoader__d3d721fb,skipped,0,0,0,0,v3,skipped,no-test-files-found,0
codex,0,0,0,,pass,6,0,17,0,0,pass,19,0,0,0,0,pass,25,0,17,0,0,,feiniaojin_graceful-response,25,19,1.0,0,19,20260508T095244Z__feiniaojin_graceful-response__cf1cd118,passed,6,0,0,6,generated,no_difference_detected,retained-ported-tests-pass,0
codex,0,0,0,,pass,14,0,24,0,0,pass,19,0,0,0,0,pass,33,0,24,0,0,,feiniaojin_graceful-response,33,19,1.0,0,19,20260508T095244Z__feiniaojin_graceful-response__cf1cd118,passed,14,0,0,14,v2,no_difference_detected,retained-ported-tests-pass,0
codex,0,0,0,write-scope-violation,pass,9,0,19,0,0,pass,19,0,0,0,0,fail,0,0,0,0,0,write-scope-violation,feiniaojin_graceful-response,28,19,1.0,0,19,20260508T095244Z__feiniaojin_graceful-response__cf1cd118,failed,9,0,8,17,v3,invalid,write-scope-violation,1
codex,13,13,13,write-scope-violation,pass,12,0,17,0,0,fail-with-integration-skip,24,0,0,0,0,fail,0,0,0,0,0,write-scope-violation,jenkinsci_jenkinsfile-runner,42,24,1.0,0,24,20260508T095249Z__jenkinsci_jenkinsfile-runner__9be9c0fb,failed,9,0,1,10,generated,invalid,write-scope-violation,3
codex,15,15,15,assertion-failure,pass,19,0,20,0,0,fail-with-integration-skip,24,0,0,0,0,fail,48,0,39,15,3,behavioral-difference-evidence,jenkinsci_jenkinsfile-runner,48,24,1.0,0,24,20260508T095249Z__jenkinsci_jenkinsfile-runner__9be9c0fb,failed,5,0,1,6,v2,difference_detected,assertion-mismatch-evidence,0
codex,16,16,16,assertion-failure,pass,12,0,21,0,0,fail-with-integration-skip,24,0,0,0,0,fail,40,0,40,16,3,behavioral-difference-evidence,jenkinsci_jenkinsfile-runner,40,24,1.0,0,24,20260508T095249Z__jenkinsci_jenkinsfile-runner__9be9c0fb,failed,4,0,1,5,v3,difference_detected,assertion-mismatch-evidence,0
codex,12,12,12,assertion-failure,pass,16,0,26,0,0,pass,8,0,73,0,2,fail,10,0,30,12,0,behavioral-difference-evidence,mitre_HTTP-Proxy-Servlet,10,8,1.0,0,8,20260508T095255Z__mitre_HTTP-Proxy-Servlet__c799c5e1,failed,2,0,7,9,generated,difference_detected,assertion-mismatch-evidence,0
codex,44,44,44,assertion-failure,pass,15,0,22,0,0,pass,8,0,73,0,2,fail,9,4,73,40,2,behavioral-difference-evidence,mitre_HTTP-Proxy-Servlet,9,8,1.0,0,8,20260508T095255Z__mitre_HTTP-Proxy-Servlet__c799c5e1,failed,1,0,7,8,v2,difference_detected,assertion-mismatch-evidence,0
codex,45,45,45,assertion-failure,pass,12,0,20,0,0,pass,8,0,73,0,2,fail,9,0,73,45,2,behavioral-difference-evidence,mitre_HTTP-Proxy-Servlet,9,8,1.0,0,8,20260508T095255Z__mitre_HTTP-Proxy-Servlet__c799c5e1,failed,1,0,7,8,v3,difference_detected,assertion-mismatch-evidence,0
codex,4,4,4,assertion-failure,pass,20,0,22,0,0,fail,10,0,0,0,0,fail,21,0,29,4,1,behavioral-difference-evidence,stealthcopter_AndroidNetworkTools,21,10,1.0,0,10,20260508T095300Z__stealthcopter_AndroidNetworkTools__a82af8a5,failed,4,13,7,24,generated,difference_detected,assertion-mismatch-evidence,0
codex,0,0,0,assertion-failure,fail,7,0,0,0,0,fail,10,0,0,0,0,fail,20,0,29,5,1,behavioral-difference-evidence,stealthcopter_AndroidNetworkTools,20,10,1.0,0,10,20260508T095300Z__stealthcopter_AndroidNetworkTools__a82af8a5,failed,8,5,2,15,v2,difference_detected,assertion-mismatch-evidence,0
codex,9,9,9,assertion-failure,pass,15,0,26,0,0,fail,10,0,0,0,0,fail,35,0,56,9,1,behavioral-difference-evidence,stealthcopter_AndroidNetworkTools,35,10,1.0,0,10,20260508T095300Z__stealthcopter_AndroidNetworkTools__a82af8a5,failed,10,0,0,10,v3,difference_detected,assertion-mismatch-evidence,0
claude,0,0,0,,skipped,0,0,0,0,0,pass,0,0,0,0,0,skipped,0,0,0,0,0,no-test-files-found,19MisterX98_SeedcrackerX,1,0,,0,0,20260510T103653Z__19MisterX98_SeedcrackerX__8e18d20d,skipped,0,0,0,0,generated,skipped,no-test-files-found,0
claude,0,0,0,,skipped,0,0,0,0,0,pass,0,0,0,0,0,skipped,0,0,0,0,0,no-test-files-found,19MisterX98_SeedcrackerX,25,0,,0,0,20260510T103653Z__19MisterX98_SeedcrackerX__8e18d20d,skipped,0,0,0,0,v2,skipped,no-test-files-found,0
claude,0,0,0,,skipped,0,0,0,0,0,pass,0,0,0,0,0,skipped,0,0,0,0,0,no-test-files-found,19MisterX98_SeedcrackerX,29,0,,0,0,20260510T103653Z__19MisterX98_SeedcrackerX__8e18d20d,skipped,0,0,0,0,v3,skipped,no-test-files-found,0
claude,0,0,0,,skipped,0,0,0,0,0,fail,0,0,0,0,0,skipped,0,0,0,0,0,no-test-files-found,airbnb_native-navigation,14,0,,0,0,20260510T154735Z__airbnb_native-navigation__9cf50bf9,skipped,0,0,0,0,generated,skipped,no-test-files-found,0
claude,0,0,0,,skipped,0,0,0,0,0,fail,0,0,0,0,0,skipped,0,0,0,0,0,no-test-files-found,airbnb_native-navigation,5,0,,0,0,20260510T154735Z__airbnb_native-navigation__9cf50bf9,skipped,0,0,0,0,v2,skipped,no-test-files-found,0
claude,0,0,0,,skipped,0,0,0,0,0,fail,0,0,0,0,0,skipped,0,0,0,0,0,no-test-files-found,airbnb_native-navigation,12,0,,0,0,20260510T154735Z__airbnb_native-navigation__9cf50bf9,skipped,0,0,0,0,v3,skipped,no-test-files-found,0
claude,4,4,4,assertion-failure,pass,7,0,44,0,0,fail,10,0,0,0,0,fail,27,0,54,4,0,behavioral-difference-evidence,amitshekhariitbhu_Android-Debug-Database,27,10,1.0,0,10,20260510T154742Z__amitshekhariitbhu_Android-Debug-Database__bf149df6,failed,10,0,0,10,generated,difference_detected,assertion-mismatch-evidence,0
claude,0,0,0,,pass,7,0,85,0,0,fail,10,0,0,0,0,pass,24,0,92,0,0,,amitshekhariitbhu_Android-Debug-Database,24,10,1.0,0,10,20260510T154742Z__amitshekhariitbhu_Android-Debug-Database__bf149df6,passed,7,0,0,7,v2,inconclusive,baseline-not-comparable,0
claude,0,0,0,,pass,12,0,86,0,0,fail,10,0,0,0,0,pass,33,0,96,0,0,,amitshekhariitbhu_Android-Debug-Database,33,10,1.0,0,10,20260510T154742Z__amitshekhariitbhu_Android-Debug-Database__bf149df6,passed,11,0,11,22,v3,inconclusive,baseline-not-comparable,0
claude,0,0,0,write-scope-violation,pass,16,0,47,0,0,fail,4,0,0,0,0,fail,4,0,2,0,0,write-scope-violation,amitshekhariitbhu_PRDownloader,10,4,1.0,0,4,20260510T154753Z__amitshekhariitbhu_PRDownloader__611b12c8,failed,6,16,1,23,generated,invalid,write-scope-violation,1
claude,0,0,0,,pass,10,0,54,0,0,fail,4,0,0,0,0,pass,20,0,58,0,0,,amitshekhariitbhu_PRDownloader,20,4,1.0,0,4,20260510T154753Z__amitshekhariitbhu_PRDownloader__611b12c8,passed,6,0,0,6,v2,inconclusive,baseline-not-comparable,0
claude,0,0,0,,pass,18,0,122,0,0,fail,4,0,0,0,0,pass,29,0,126,0,0,,amitshekhariitbhu_PRDownloader,29,4,1.0,0,4,20260510T154753Z__amitshekhariitbhu_PRDownloader__611b12c8,passed,7,0,0,7,v3,inconclusive,baseline-not-comparable,0
claude,46,46,46,assertion-failure,pass,3,0,16,0,0,pass,50,0,0,0,0,fail,74,5,127,41,0,behavioral-difference-evidence,awaitility_awaitility,74,50,1.0,0,50,20260510T154759Z__awaitility_awaitility__4fc23ccb,failed,22,1,2,25,generated,difference_detected,assertion-mismatch-evidence,0
claude,23,23,23,assertion-failure,pass,15,0,122,0,0,pass,50,0,0,0,0,fail,69,0,178,23,0,behavioral-difference-evidence,awaitility_awaitility,69,50,0.88,6,44,20260510T154759Z__awaitility_awaitility__4fc23ccb,failed,10,6,0,16,v2,difference_detected,assertion-mismatch-evidence,0
claude,110,110,110,assertion-failure,pass,37,0,130,0,0,pass,50,0,0,0,0,fail,110,7,321,103,0,behavioral-difference-evidence,awaitility_awaitility,110,50,0.88,6,44,20260510T154759Z__awaitility_awaitility__4fc23ccb,failed,29,6,19,54,v3,difference_detected,assertion-mismatch-evidence,0
claude,0,0,0,,pass,11,0,126,0,0,fail,4,0,0,0,0,pass,8,0,4,0,0,,DantSu_ESCPOS-ThermalPrinter-Android,8,4,1.0,0,4,20260510T154807Z__DantSu_ESCPOS-ThermalPrinter-Android__f61030e4,passed,4,11,0,15,generated,inconclusive,baseline-not-comparable,0
claude,0,0,0,,pass,15,0,196,0,0,fail,4,0,0,0,0,pass,23,0,200,0,2,,DantSu_ESCPOS-ThermalPrinter-Android,23,4,1.0,0,4,20260510T154807Z__DantSu_ESCPOS-ThermalPrinter-Android__f61030e4,passed,4,0,0,4,v2,inconclusive,baseline-not-comparable,0
claude,0,0,0,write-scope-violation,pass,10,0,4,0,0,fail,4,0,0,0,0,fail,0,0,0,0,0,write-scope-violation,DantSu_ESCPOS-ThermalPrinter-Android,14,4,1.0,0,4,20260510T154807Z__DantSu_ESCPOS-ThermalPrinter-Android__f61030e4,failed,15,0,138,153,v3,invalid,write-scope-violation,145
claude,12,12,12,assertion-failure,pass,33,0,159,0,0,fail,11,0,0,0,0,fail,54,0,175,12,0,behavioral-difference-evidence,elvishew_xLog,54,11,1.0,0,11,20260510T154813Z__elvishew_xLog__3faa6b27,failed,10,0,1,11,generated,difference_detected,assertion-mismatch-evidence,0
claude,14,14,14,assertion-failure,pass,33,0,252,0,0,fail,11,0,0,0,0,fail,51,0,244,14,0,behavioral-difference-evidence,elvishew_xLog,51,11,1.0,0,11,20260510T154813Z__elvishew_xLog__3faa6b27,failed,7,0,4,11,v2,difference_detected,assertion-mismatch-evidence,0
claude,20,20,20,assertion-failure,pass,29,0,207,0,0,fail,11,0,0,0,0,fail,47,11,203,9,0,behavioral-difference-evidence,elvishew_xLog,47,11,1.0,0,11,20260510T154813Z__elvishew_xLog__3faa6b27,failed,7,0,4,11,v3,difference_detected,assertion-mismatch-evidence,0
claude,9,9,9,assertion-failure,pass,4,0,41,0,0,pass,8,0,16,0,0,fail,16,6,16,3,0,behavioral-difference-evidence,EsotericSoftware_reflectasm,16,8,1.0,0,8,20260510T154820Z__EsotericSoftware_reflectasm__e34c5e8b,failed,5,1,3,9,generated,difference_detected,assertion-mismatch-evidence,0
claude,5,5,5,assertion-failure,fail-with-integration-skip,4,1,54,0,0,pass,8,0,16,0,0,fail,16,4,16,1,0,behavioral-difference-evidence,EsotericSoftware_reflectasm,16,8,1.0,0,8,20260510T154820Z__EsotericSoftware_reflectasm__e34c5e8b,failed,5,1,3,9,v2,difference_detected,assertion-mismatch-evidence,0
claude,9,9,9,assertion-failure,pass,4,0,51,0,0,pass,8,0,16,0,0,fail,16,6,17,3,0,behavioral-difference-evidence,EsotericSoftware_reflectasm,16,8,1.0,0,8,20260510T154820Z__EsotericSoftware_reflectasm__e34c5e8b,failed,5,1,3,9,v3,difference_detected,assertion-mismatch-evidence,0
claude,1,1,1,assertion-failure,pass,16,0,105,0,0,fail,5,0,0,0,0,fail,24,0,120,1,0,behavioral-difference-evidence,esoxjem_MovieGuide,24,5,0.8,1,4,20260510T154826Z__esoxjem_MovieGuide__dc1f20fb,failed,4,1,0,5,generated,difference_detected,assertion-mismatch-evidence,0
claude,1,1,1,assertion-failure,pass,13,0,108,0,0,fail,5,0,0,0,0,fail,18,0,97,1,0,behavioral-difference-evidence,esoxjem_MovieGuide,18,5,0.8,1,4,20260510T154826Z__esoxjem_MovieGuide__dc1f20fb,failed,1,1,3,5,v2,difference_detected,assertion-mismatch-evidence,0
claude,3,3,3,assertion-failure,pass,11,0,35,0,0,fail,5,0,0,0,0,fail,21,2,51,1,0,behavioral-difference-evidence,esoxjem_MovieGuide,21,5,1.0,0,5,20260510T154826Z__esoxjem_MovieGuide__dc1f20fb,failed,5,0,1,6,v3,difference_detected,assertion-mismatch-evidence,0
claude,1,1,1,runtime-test-failure,pass,78,0,164,0,0,fail,33,0,0,0,0,fail,125,0,210,1,0,tests-failed,evant_binding-collection-adapter,125,33,1.0,0,33,20260510T154832Z__evant_binding-collection-adapter__ac7972e1,failed,14,0,1,15,generated,difference_detected,assertion-mismatch-evidence,0
claude,13,13,13,assertion-failure,pass,6,0,29,0,0,fail,33,0,0,0,0,fail,50,7,53,6,0,behavioral-difference-evidence,evant_binding-collection-adapter,50,33,1.0,0,33,20260510T154832Z__evant_binding-collection-adapter__ac7972e1,failed,12,1,4,17,v2,difference_detected,assertion-mismatch-evidence,0
claude,5,5,5,write-scope-violation,fail,10,0,0,0,0,fail,33,0,0,0,0,fail,0,0,0,0,0,write-scope-violation,evant_binding-collection-adapter,54,33,1.0,0,33,20260510T154832Z__evant_binding-collection-adapter__ac7972e1,failed,11,0,5,16,v3,invalid,write-scope-violation,5
claude,0,0,0,test-launcher-crash,fail-with-integration-skip,17,0,0,0,0,fail-with-integration-skip,19,4,39,5,13,fail,20,0,0,0,0,tests-failed,frohoff_ysoserial,20,19,1.0,0,19,20260510T154845Z__frohoff_ysoserial__218bcffc,failed,1,0,10,11,generated,inconclusive,test-launcher-crash,0
claude,21,21,21,assertion-failure,fail-with-integration-skip,14,0,0,0,0,fail-with-integration-skip,19,4,39,5,13,fail,21,10,39,11,10,behavioral-difference-evidence,frohoff_ysoserial,21,19,1.0,0,19,20260510T154845Z__frohoff_ysoserial__218bcffc,failed,2,0,7,9,v2,difference_detected,assertion-mismatch-evidence,0
claude,0,0,0,unknown,pass,13,0,86,0,0,pass,23,0,68,0,0,fail,24,0,0,0,0,tests-failed,gothinkster_spring-boot-realworld-example-app,24,23,1.0,0,23,20260511T105128Z__gothinkster_spring-boot-realworld-example-app__ee17e31a,failed,1,0,18,19,generated,inconclusive,unknown,0
claude,0,0,0,unknown,pass,8,0,39,0,0,pass,23,0,68,0,0,fail,24,0,0,0,0,tests-failed,gothinkster_spring-boot-realworld-example-app,24,23,1.0,0,23,20260511T105128Z__gothinkster_spring-boot-realworld-example-app__ee17e31a,failed,1,0,9,10,v2,inconclusive,unknown,0
claude,0,0,0,unknown,pass,25,0,67,0,0,pass,23,0,68,0,0,fail,38,0,0,0,0,tests-failed,gothinkster_spring-boot-realworld-example-app,38,23,1.0,0,23,20260511T105128Z__gothinkster_spring-boot-realworld-example-app__ee17e31a,failed,15,0,17,32,v3,inconclusive,unknown,0
claude,0,0,0,runner-timeout,skipped,0,0,0,0,0,skipped,0,0,0,0,0,skipped,0,0,0,0,0,runner-timeout,Grt1228_chatgpt-java,0,0,,0,0,20260511T105134Z__Grt1228_chatgpt-java__ae761b89,failed,0,0,0,0,generated,inconclusive,runner-timeout,0
claude,0,0,0,runner-timeout,skipped,0,0,0,0,0,skipped,0,0,0,0,0,skipped,0,0,0,0,0,runner-timeout,Grt1228_chatgpt-java,0,0,,0,0,20260511T105134Z__Grt1228_chatgpt-java__ae761b89,failed,0,0,0,0,v2,inconclusive,runner-timeout,0
claude,0,0,0,,pass,13,0,81,0,0,pass,16,0,0,0,0,pass,19,0,23,0,9,,happyfish100_fastdfs-client-java,19,16,1.0,0,16,20260511T105140Z__happyfish100_fastdfs-client-java__4e7b6b34,passed,3,0,3,6,generated,no_difference_detected,retained-ported-tests-pass,0
claude,1,1,1,assertion-failure,pass,4,0,38,0,0,pass,16,0,0,0,0,fail,20,0,21,1,9,behavioral-difference-evidence,happyfish100_fastdfs-client-java,20,16,1.0,0,16,20260511T105140Z__happyfish100_fastdfs-client-java__4e7b6b34,failed,4,0,11,15,v2,difference_detected,assertion-mismatch-evidence,0
claude,0,0,0,,pass,14,0,158,0,0,pass,16,0,0,0,0,pass,23,0,22,0,10,,happyfish100_fastdfs-client-java,23,16,1.0,0,16,20260511T105140Z__happyfish100_fastdfs-client-java__4e7b6b34,passed,7,0,12,19,v3,no_difference_detected,retained-ported-tests-pass,0
claude,10,10,10,assertion-failure,pass,33,0,160,0,0,pass,112,0,0,0,0,fail,229,2,195,8,0,behavioral-difference-evidence,j-easy_easy-rules,229,112,1.0,0,112,20260511T105145Z__j-easy_easy-rules__d4450831,failed,84,0,0,84,generated,difference_detected,assertion-mismatch-evidence,0
claude,53,53,53,assertion-failure,pass,27,0,144,0,0,pass,112,0,0,0,0,fail,210,20,254,33,0,behavioral-difference-evidence,j-easy_easy-rules,210,112,1.0,0,112,20260511T105145Z__j-easy_easy-rules__d4450831,failed,71,0,12,83,v2,difference_detected,assertion-mismatch-evidence,0
claude,95,95,95,assertion-failure,pass,29,0,156,0,0,pass,112,0,0,0,0,fail,232,37,226,58,0,behavioral-difference-evidence,j-easy_easy-rules,232,112,1.0,0,112,20260511T105145Z__j-easy_easy-rules__d4450831,failed,104,13,16,133,v3,difference_detected,assertion-mismatch-evidence,0
claude,0,0,0,runtime-test-failure,fail,8,0,0,0,0,pass,8,0,64,0,3,fail,11,0,0,0,0,tests-failed,JakeWharton_RxRelay,11,8,1.0,0,8,20260511T105150Z__JakeWharton_RxRelay__9540ecc7,failed,3,0,4,7,generated,inconclusive,runtime-test-failure,0
claude,17,17,17,write-scope-violation,fail,4,0,0,0,0,pass,8,0,64,0,3,fail,8,0,0,0,0,write-scope-violation,JakeWharton_RxRelay,8,8,1.0,0,8,20260511T105150Z__JakeWharton_RxRelay__9540ecc7,failed,0,0,6,6,v2,invalid,write-scope-violation,1
claude,3,3,3,assertion-failure,pass,4,0,81,0,0,pass,8,0,64,0,3,fail,9,0,64,3,3,behavioral-difference-evidence,JakeWharton_RxRelay,9,8,1.0,0,8,20260511T105150Z__JakeWharton_RxRelay__9540ecc7,failed,1,0,3,4,v3,difference_detected,assertion-mismatch-evidence,0
claude,10,10,10,assertion-failure,pass,1,0,50,0,0,fail-with-integration-skip,19,15,52,0,3,fail,22,6,52,4,3,behavioral-difference-evidence,jOOQ_jOOR,22,19,1.0,0,19,20260511T105155Z__jOOQ_jOOR__23e17cf3,failed,3,0,3,6,generated,difference_detected,assertion-mismatch-evidence,0
claude,13,13,13,assertion-failure,pass,2,0,44,0,0,fail-with-integration-skip,19,15,52,0,3,fail,19,8,52,5,3,behavioral-difference-evidence,jOOQ_jOOR,19,19,1.0,0,19,20260511T105155Z__jOOQ_jOOR__23e17cf3,failed,0,0,3,3,v2,difference_detected,assertion-mismatch-evidence,0
claude,12,12,12,assertion-failure,pass,8,0,84,0,0,fail-with-integration-skip,19,15,52,0,3,fail,29,5,52,7,3,behavioral-difference-evidence,jOOQ_jOOR,29,19,1.0,0,19,20260511T105155Z__jOOQ_jOOR__23e17cf3,failed,10,0,3,13,v3,difference_detected,assertion-mismatch-evidence,0
claude,38,38,38,assertion-failure,pass,7,0,32,0,0,pass,55,0,43,0,0,fail,55,33,43,5,0,behavioral-difference-evidence,LianjiaTech_retrofit-spring-boot-starter,55,55,1.0,0,55,20260511T105200Z__LianjiaTech_retrofit-spring-boot-starter__24cb9eda,failed,0,0,25,25,generated,difference_detected,assertion-mismatch-evidence,0
claude,17,17,17,environment-assumption-failure,pass,8,0,32,0,0,pass,55,0,43,0,0,fail,57,8,43,9,0,tests-failed,LianjiaTech_retrofit-spring-boot-starter,57,55,1.0,0,55,20260511T105200Z__LianjiaTech_retrofit-spring-boot-starter__24cb9eda,failed,2,0,25,27,v2,difference_detected,assertion-mismatch-evidence,0
claude,6,7,6,environment-assumption-failure,pass,13,0,41,0,0,fail,7,0,0,0,0,fail,7,0,19,7,0,tests-failed,linkedin_kafka-monitor,7,7,1.0,0,7,20260511T105205Z__linkedin_kafka-monitor__043db641,failed,0,0,7,7,generated,difference_detected,assertion-mismatch-evidence,0
claude,12,12,12,environment-assumption-failure,pass,10,0,71,0,0,fail,7,0,0,0,0,fail,7,0,18,12,0,tests-failed,linkedin_kafka-monitor,7,7,1.0,0,7,20260511T105205Z__linkedin_kafka-monitor__043db641,failed,0,0,7,7,v2,difference_detected,assertion-mismatch-evidence,0
claude,7,7,7,environment-assumption-failure,pass,9,0,53,0,0,fail,7,0,0,0,0,fail,7,0,15,7,0,tests-failed,linkedin_kafka-monitor,7,7,1.0,0,7,20260511T105205Z__linkedin_kafka-monitor__043db641,failed,0,0,7,7,v3,difference_detected,assertion-mismatch-evidence,0
claude,0,0,0,unknown,pass,21,0,79,0,0,pass,1,0,0,0,0,fail,9,0,0,0,0,tests-failed,macrozheng_mall-tiny,9,1,1.0,0,1,20260511T105211Z__macrozheng_mall-tiny__a81ec474,failed,8,0,0,8,generated,inconclusive,unknown,0
claude,0,0,0,unknown,pass,7,0,38,0,0,pass,1,0,0,0,0,fail,10,0,0,0,0,tests-failed,macrozheng_mall-tiny,10,1,1.0,0,1,20260511T105211Z__macrozheng_mall-tiny__a81ec474,failed,9,0,1,10,v2,inconclusive,unknown,0
claude,1,1,1,environment-assumption-failure,pass,15,0,71,0,0,pass,1,0,0,0,0,fail,19,1,72,0,0,tests-failed,macrozheng_mall-tiny,19,1,1.0,0,1,20260511T105211Z__macrozheng_mall-tiny__a81ec474,failed,18,0,0,18,v3,difference_detected,assertion-mismatch-evidence,0
claude,0,0,0,,pass,16,0,115,0,0,fail-with-integration-skip,1,17,17,0,0,pass,1,0,17,0,0,,mbechler_marshalsec,1,1,1.0,0,1,20260511T105217Z__mbechler_marshalsec__243c5aa8,passed,0,0,1,1,generated,inconclusive,baseline-not-comparable,0
claude,0,0,0,dependency-resolution-failure,fail-with-integration-skip,13,0,0,0,0,fail-with-integration-skip,1,17,17,0,0,fail,17,0,0,0,0,tests-failed,mbechler_marshalsec,17,1,1.0,0,1,20260511T105217Z__mbechler_marshalsec__243c5aa8,failed,16,0,1,17,v2,inconclusive,dependency-resolution-failure,0
claude,5,5,5,environment-assumption-failure,fail-with-integration-skip,1,0,0,0,0,fail-with-integration-skip,1,17,17,0,0,fail,6,2,38,3,0,tests-failed,mbechler_marshalsec,6,1,1.0,0,1,20260511T105217Z__mbechler_marshalsec__243c5aa8,failed,5,0,0,5,v3,difference_detected,assertion-mismatch-evidence,0
claude,0,0,0,,skipped,0,0,0,0,0,fail,0,0,0,0,0,skipped,0,0,0,0,0,no-test-files-found,Meituan-Dianping_walle,10,0,,0,0,20260513T080244Z__Meituan-Dianping_walle__f78edcf1,skipped,0,0,0,0,generated,skipped,no-test-files-found,0
claude,0,0,0,,skipped,0,0,0,0,0,fail,0,0,0,0,0,skipped,0,0,0,0,0,no-test-files-found,Meituan-Dianping_walle,7,0,,0,0,20260513T080244Z__Meituan-Dianping_walle__f78edcf1,skipped,0,0,0,0,v2,skipped,no-test-files-found,0
claude,0,0,0,,skipped,0,0,0,0,0,fail,0,0,0,0,0,skipped,0,0,0,0,0,no-test-files-found,Meituan-Dianping_walle,8,0,,0,0,20260513T080244Z__Meituan-Dianping_walle__f78edcf1,skipped,0,0,0,0,v3,skipped,no-test-files-found,0
claude,1,1,1,assertion-failure,pass,16,0,163,0,0,fail,74,0,0,0,0,fail,52,0,233,1,0,behavioral-difference-evidence,Mojang_brigadier,52,74,1.0,0,74,20260513T080251Z__Mojang_brigadier__b5419b18,failed,25,0,1,26,v2,difference_detected,assertion-mismatch-evidence,0
claude,0,0,0,,pass,13,0,135,0,0,fail,74,0,0,0,0,pass,48,0,233,0,0,,Mojang_brigadier,48,74,1.0,0,74,20260513T080251Z__Mojang_brigadier__b5419b18,passed,21,0,0,21,v3,inconclusive,baseline-not-comparable,0
claude,0,0,0,,pass,26,0,153,0,0,pass,13,0,0,0,0,pass,39,0,153,0,0,,monkeyWie_proxyee,39,13,1.0,0,13,20260513T080257Z__monkeyWie_proxyee__c2c5bb4c,passed,26,0,1,27,generated,no_difference_detected,retained-ported-tests-pass,0
claude,0,0,0,,pass,23,0,125,0,0,pass,13,0,0,0,0,pass,36,0,125,0,0,,monkeyWie_proxyee,36,13,1.0,0,13,20260513T080257Z__monkeyWie_proxyee__c2c5bb4c,passed,23,0,9,32,v2,no_difference_detected,retained-ported-tests-pass,0
claude,0,0,0,,pass,15,0,90,0,0,pass,13,0,0,0,0,pass,28,0,90,0,0,,monkeyWie_proxyee,28,13,1.0,0,13,20260513T080257Z__monkeyWie_proxyee__c2c5bb4c,passed,15,0,10,25,v3,no_difference_detected,retained-ported-tests-pass,0
claude,0,0,0,unknown,pass,12,0,73,0,0,fail-with-integration-skip,11,30,114,0,0,fail,22,0,0,0,0,tests-failed,mouzt_mzt-biz-log,22,11,1.0,0,11,20260513T080303Z__mouzt_mzt-biz-log__8d3a0271,failed,11,12,0,23,generated,inconclusive,unknown,0
claude,0,0,0,unknown,pass,12,0,69,0,0,fail-with-integration-skip,11,30,114,0,0,fail,35,0,0,0,0,tests-failed,mouzt_mzt-biz-log,35,11,1.0,0,11,20260513T080303Z__mouzt_mzt-biz-log__8d3a0271,failed,12,0,0,12,v2,inconclusive,unknown,0
claude,0,0,0,unknown,pass,7,0,24,0,0,fail-with-integration-skip,11,30,114,0,0,fail,30,0,0,0,0,tests-failed,mouzt_mzt-biz-log,30,11,1.0,0,11,20260513T080303Z__mouzt_mzt-biz-log__8d3a0271,failed,12,0,0,12,v3,inconclusive,unknown,0
claude,44,44,44,assertion-failure,pass,6,0,30,0,0,fail,34,0,0,0,0,fail,46,5,96,39,0,behavioral-difference-evidence,Netflix_concurrency-limits,46,34,0.7058823529411765,10,24,20260513T080309Z__Netflix_concurrency-limits__e8df64d8,failed,16,10,4,30,v2,difference_detected,assertion-mismatch-evidence,0
claude,45,45,45,assertion-failure,pass,15,0,91,0,0,fail,34,0,0,0,0,fail,57,1,97,44,0,behavioral-difference-evidence,Netflix_concurrency-limits,57,34,1.0,0,34,20260513T080309Z__Netflix_concurrency-limits__e8df64d8,failed,17,9,6,32,v3,difference_detected,assertion-mismatch-evidence,0
claude,13,13,13,assertion-failure,pass,8,0,122,0,0,fail,13,0,0,0,0,fail,25,0,117,13,0,behavioral-difference-evidence,pwittchen_ReactiveNetwork,25,13,1.0,0,13,20260513T080314Z__pwittchen_ReactiveNetwork__ddfde340,failed,5,0,7,12,generated,difference_detected,assertion-mismatch-evidence,0
claude,0,0,0,test-launcher-crash,fail-with-integration-skip,10,0,0,0,0,fail,13,0,0,0,0,fail,31,0,0,0,0,tests-failed,pwittchen_ReactiveNetwork,31,13,1.0,0,13,20260513T080314Z__pwittchen_ReactiveNetwork__ddfde340,failed,9,0,9,18,v2,inconclusive,test-launcher-crash,0
claude,10,10,10,environment-assumption-failure,pass,8,0,129,0,0,fail,13,0,0,0,0,fail,31,0,176,10,0,tests-failed,pwittchen_ReactiveNetwork,31,13,1.0,0,13,20260513T080314Z__pwittchen_ReactiveNetwork__ddfde340,failed,11,0,0,11,v3,difference_detected,assertion-mismatch-evidence,0
claude,0,0,0,,skipped,0,0,0,0,0,fail,0,0,0,0,0,skipped,0,0,0,0,0,no-test-files-found,RikkaApps_Shizuku-API,11,0,,0,0,20260513T080320Z__RikkaApps_Shizuku-API__a27f6e41,skipped,0,0,0,0,generated,skipped,no-test-files-found,0
claude,0,0,0,,skipped,0,0,0,0,0,fail,0,0,0,0,0,skipped,0,0,0,0,0,no-test-files-found,RikkaApps_Shizuku-API,15,0,,0,0,20260513T080320Z__RikkaApps_Shizuku-API__a27f6e41,skipped,0,0,0,0,v2,skipped,no-test-files-found,0
claude,0,0,0,,skipped,0,0,0,0,0,fail,0,0,0,0,0,skipped,0,0,0,0,0,no-test-files-found,RikkaApps_Shizuku-API,18,0,,0,0,20260513T080320Z__RikkaApps_Shizuku-API__a27f6e41,skipped,0,0,0,0,v3,skipped,no-test-files-found,0
claude,17,17,17,assertion-failure,pass,10,0,56,0,0,fail,50,0,56,47,0,fail,110,5,110,12,25,behavioral-difference-evidence,TheoKanning_openai-java,110,50,1.0,0,50,20260513T080328Z__TheoKanning_openai-java__26909660,failed,50,0,2,52,generated,difference_detected,assertion-mismatch-evidence,0
claude,7,7,7,assertion-failure,pass,5,0,28,0,0,fail,50,0,56,47,0,fail,107,0,69,7,31,behavioral-difference-evidence,TheoKanning_openai-java,107,50,1.0,0,50,20260513T080328Z__TheoKanning_openai-java__26909660,failed,52,0,0,52,v2,difference_detected,assertion-mismatch-evidence,0
claude,7,7,7,assertion-failure,pass,7,0,41,0,0,fail,50,0,56,47,0,fail,110,3,129,4,58,behavioral-difference-evidence,TheoKanning_openai-java,110,50,1.0,0,50,20260513T080328Z__TheoKanning_openai-java__26909660,failed,53,0,0,53,v3,difference_detected,assertion-mismatch-evidence,0
claude,11,11,11,assertion-failure,fail-with-integration-skip,10,0,0,0,0,pass,14,0,0,0,0,fail,51,6,92,5,6,behavioral-difference-evidence,ulisesbocchio_jasypt-spring-boot,51,14,1.0,0,14,20260513T080335Z__ulisesbocchio_jasypt-spring-boot__2243cb80,failed,27,0,1,28,generated,difference_detected,assertion-mismatch-evidence,0
claude,19,19,19,assertion-failure,pass,16,0,87,0,0,pass,14,0,0,0,0,fail,24,17,50,2,0,behavioral-difference-evidence,ulisesbocchio_jasypt-spring-boot,24,14,1.0,0,14,20260513T080335Z__ulisesbocchio_jasypt-spring-boot__2243cb80,failed,10,16,0,26,v2,difference_detected,assertion-mismatch-evidence,0
claude,0,0,0,write-scope-violation,pass,26,0,0,0,0,pass,14,0,0,0,0,fail,0,0,0,0,0,write-scope-violation,ulisesbocchio_jasypt-spring-boot,20,14,1.0,0,14,20260513T080335Z__ulisesbocchio_jasypt-spring-boot__2243cb80,failed,37,21,85,143,v3,invalid,write-scope-violation,139
claude,0,0,0,,skipped,0,0,0,0,0,fail-with-integration-skip,0,0,0,0,0,skipped,0,0,0,0,0,no-test-files-found,whwlsfb_JDumpSpider,12,0,,0,0,20260513T080342Z__whwlsfb_JDumpSpider__24fe3186,skipped,0,0,0,0,generated,skipped,no-test-files-found,0
claude,0,0,0,,skipped,0,0,0,0,0,fail-with-integration-skip,0,0,0,0,0,skipped,0,0,0,0,0,no-test-files-found,whwlsfb_JDumpSpider,5,0,,0,0,20260513T080342Z__whwlsfb_JDumpSpider__24fe3186,skipped,0,0,0,0,v2,skipped,no-test-files-found,0
claude,0,0,0,,skipped,0,0,0,0,0,fail-with-integration-skip,0,0,0,0,0,skipped,0,0,0,0,0,no-test-files-found,whwlsfb_JDumpSpider,7,0,,0,0,20260513T080342Z__whwlsfb_JDumpSpider__24fe3186,skipped,0,0,0,0,v3,skipped,no-test-files-found,0
claude,0,0,0,test-launcher-crash,fail-with-integration-skip,18,0,0,0,0,pass,32,0,0,0,0,fail,56,0,0,0,0,tests-failed,xtuhcy_gecco,56,32,1.0,0,32,20260514T193759Z__xtuhcy_gecco__e1f32e1c,failed,24,0,5,29,generated,inconclusive,test-launcher-crash,0
claude,0,0,0,,pass,6,0,53,0,0,pass,32,0,0,0,0,pass,38,0,53,0,0,,xtuhcy_gecco,38,32,1.0,0,32,20260514T193759Z__xtuhcy_gecco__e1f32e1c,passed,6,0,14,20,v2,no_difference_detected,retained-ported-tests-pass,0
claude,0,0,0,,pass,14,0,109,0,0,pass,32,0,0,0,0,pass,46,0,109,0,0,,xtuhcy_gecco,46,32,1.0,0,32,20260514T193759Z__xtuhcy_gecco__e1f32e1c,passed,14,0,9,23,v3,no_difference_detected,retained-ported-tests-pass,0
claude,0,0,0,,skipped,0,0,0,0,0,pass,0,0,0,0,0,skipped,0,0,0,0,0,no-test-files-found,YeautyYE_netty-websocket-spring-boot-starter,5,0,,0,0,20260514T193807Z__YeautyYE_netty-websocket-spring-boot-starter__eb4d0a6b,skipped,0,0,0,0,generated,skipped,no-test-files-found,0
claude,0,0,0,,skipped,0,0,0,0,0,pass,0,0,0,0,0,skipped,0,0,0,0,0,no-test-files-found,YeautyYE_netty-websocket-spring-boot-starter,4,0,,0,0,20260514T193807Z__YeautyYE_netty-websocket-spring-boot-starter__eb4d0a6b,skipped,0,0,0,0,v2,skipped,no-test-files-found,0
claude,0,0,0,,skipped,0,0,0,0,0,pass,0,0,0,0,0,skipped,0,0,0,0,0,no-test-files-found,YeautyYE_netty-websocket-spring-boot-starter,8,0,,0,0,20260514T193807Z__YeautyYE_netty-websocket-spring-boot-starter__eb4d0a6b,skipped,0,0,0,0,v3,skipped,no-test-files-found,0
claude,0,0,0,,skipped,0,0,0,0,0,pass,0,0,0,0,0,skipped,0,0,0,0,0,no-test-files-found,JMCuixy_swagger2word,15,0,,0,0,20260515T132132Z__JMCuixy_swagger2word__0da57120,skipped,0,0,0,0,generated,skipped,no-test-files-found,0
claude,0,0,0,,skipped,0,0,0,0,0,pass,0,0,0,0,0,skipped,0,0,0,0,0,no-test-files-found,JMCuixy_swagger2word,17,0,,0,0,20260515T132132Z__JMCuixy_swagger2word__0da57120,skipped,0,0,0,0,v2,skipped,no-test-files-found,0
claude,0,0,0,,skipped,0,0,0,0,0,pass,0,0,0,0,0,skipped,0,0,0,0,0,no-test-files-found,JMCuixy_swagger2word,6,0,,0,0,20260515T132132Z__JMCuixy_swagger2word__0da57120,skipped,0,0,0,0,v3,skipped,no-test-files-found,0
claude,0,0,0,environment-assumption-failure,pass,3,0,15,0,0,fail,7,0,3,2,1,fail,29,0,0,0,0,tests-failed,eugene-khyst_postgresql-event-sourcing,29,7,1.0,0,7,20260515T132141Z__eugene-khyst_postgresql-event-sourcing__90faafbb,failed,19,0,2,21,generated,inconclusive,environment-assumption-failure,0
claude,0,0,0,write-scope-violation,pass,10,0,44,0,0,fail,7,0,3,2,1,fail,23,0,0,0,0,write-scope-violation,eugene-khyst_postgresql-event-sourcing,24,7,1.0,0,7,20260515T132141Z__eugene-khyst_postgresql-event-sourcing__90faafbb,failed,7,1,0,8,v2,invalid,write-scope-violation,1
claude,0,0,0,runner-timeout,skipped,0,0,0,0,0,skipped,0,0,0,0,0,skipped,0,0,0,0,0,runner-timeout,eugene-khyst_postgresql-event-sourcing,0,0,,0,0,20260515T132141Z__eugene-khyst_postgresql-event-sourcing__90faafbb,failed,11,2,0,13,v3,inconclusive,runner-timeout,0
claude,0,0,0,,skipped,0,0,0,0,0,skipped,0,0,0,0,0,skipped,0,0,0,0,0,no-test-files-found,facebook_SoLoader,19,0,,0,0,20260515T132149Z__facebook_SoLoader__d3d721fb,skipped,0,0,0,0,generated,skipped,no-test-files-found,0
claude,0,0,0,,skipped,0,0,0,0,0,skipped,0,0,0,0,0,skipped,0,0,0,0,0,no-test-files-found,facebook_SoLoader,10,0,,0,0,20260515T132149Z__facebook_SoLoader__d3d721fb,skipped,0,0,0,0,v2,skipped,no-test-files-found,0
claude,0,0,0,,skipped,0,0,0,0,0,skipped,0,0,0,0,0,skipped,0,0,0,0,0,no-test-files-found,facebook_SoLoader,9,0,,0,0,20260515T132149Z__facebook_SoLoader__d3d721fb,skipped,0,0,0,0,v3,skipped,no-test-files-found,0
claude,0,0,0,,pass,16,0,116,0,0,pass,19,0,0,0,0,pass,35,0,116,0,0,,feiniaojin_graceful-response,35,19,1.0,0,19,20260515T132155Z__feiniaojin_graceful-response__cf1cd118,passed,16,0,0,16,generated,no_difference_detected,retained-ported-tests-pass,0
claude,0,0,0,,pass,27,0,139,0,0,pass,19,0,0,0,0,pass,46,0,139,0,0,,feiniaojin_graceful-response,46,19,1.0,0,19,20260515T132155Z__feiniaojin_graceful-response__cf1cd118,passed,27,0,0,27,v2,no_difference_detected,retained-ported-tests-pass,0
claude,0,0,0,,pass,21,0,143,0,0,pass,19,0,0,0,0,pass,40,0,143,0,0,,feiniaojin_graceful-response,40,19,1.0,0,19,20260515T132155Z__feiniaojin_graceful-response__cf1cd118,passed,21,0,5,26,v3,no_difference_detected,retained-ported-tests-pass,0
claude,16,16,16,assertion-failure,pass,10,0,51,0,0,fail-with-integration-skip,24,0,0,0,0,fail,33,1,20,15,4,behavioral-difference-evidence,jenkinsci_jenkinsfile-runner,33,24,1.0,0,24,20260515T132202Z__jenkinsci_jenkinsfile-runner__9be9c0fb,failed,9,10,0,19,generated,difference_detected,assertion-mismatch-evidence,0
claude,14,14,14,assertion-failure,pass,7,0,38,0,0,fail-with-integration-skip,24,0,0,0,0,fail,39,1,57,13,3,behavioral-difference-evidence,jenkinsci_jenkinsfile-runner,39,24,1.0,0,24,20260515T132202Z__jenkinsci_jenkinsfile-runner__9be9c0fb,failed,8,0,1,9,v2,difference_detected,assertion-mismatch-evidence,0
claude,0,0,0,dependency-resolution-failure,fail-with-integration-skip,7,0,0,0,0,fail-with-integration-skip,24,0,0,0,0,fail,42,0,0,0,0,tests-failed,jenkinsci_jenkinsfile-runner,42,24,1.0,0,24,20260515T132202Z__jenkinsci_jenkinsfile-runner__9be9c0fb,failed,11,0,1,12,v3,inconclusive,dependency-resolution-failure,0
claude,16,16,16,assertion-failure,pass,2,0,44,0,0,pass,8,0,73,0,2,fail,9,1,34,15,0,behavioral-difference-evidence,mitre_HTTP-Proxy-Servlet,9,8,1.0,0,8,20260515T132208Z__mitre_HTTP-Proxy-Servlet__c799c5e1,failed,1,0,7,8,generated,difference_detected,assertion-mismatch-evidence,0
claude,41,41,41,assertion-failure,pass,2,0,30,0,0,pass,8,0,73,0,2,fail,9,0,73,41,5,behavioral-difference-evidence,mitre_HTTP-Proxy-Servlet,9,8,1.0,0,8,20260515T132208Z__mitre_HTTP-Proxy-Servlet__c799c5e1,failed,1,0,7,8,v2,difference_detected,assertion-mismatch-evidence,0
claude,0,0,0,runner-timeout,skipped,0,0,0,0,0,skipped,0,0,0,0,0,skipped,0,0,0,0,0,runner-timeout,mitre_HTTP-Proxy-Servlet,0,0,,0,0,20260515T132208Z__mitre_HTTP-Proxy-Servlet__c799c5e1,failed,13,0,6,19,v3,inconclusive,runner-timeout,0
claude,10,10,10,assertion-failure,pass,12,0,97,0,0,fail,10,0,0,0,0,fail,20,0,29,10,1,behavioral-difference-evidence,stealthcopter_AndroidNetworkTools,20,10,1.0,0,10,20260518T082419Z__stealthcopter_AndroidNetworkTools__a82af8a5,failed,4,6,6,16,generated,difference_detected,assertion-mismatch-evidence,0
claude,13,13,13,write-scope-violation,pass,8,0,63,0,0,fail,10,0,0,0,0,fail,0,0,0,0,0,write-scope-violation,stealthcopter_AndroidNetworkTools,16,10,0.7,3,7,20260518T082419Z__stealthcopter_AndroidNetworkTools__a82af8a5,failed,1,3,5,9,v2,invalid,write-scope-violation,1
claude,16,16,16,assertion-failure,pass,11,0,56,0,0,fail,10,0,0,0,0,fail,14,2,24,14,1,behavioral-difference-evidence,stealthcopter_AndroidNetworkTools,14,10,0.7,3,7,20260518T082419Z__stealthcopter_AndroidNetworkTools__a82af8a5,failed,4,11,3,18,v3,difference_detected,assertion-mismatch-evidence,0
